EPS,forecasted_eps,noOfEsts,before_total_returns
3.83,3.72,11,-0.088042113
-2.14,-2.12,1,-0.108
0.58,0.41,10,-0.218316379
0.11,0.05,2,0.044483214
-0.01,0.01,1,-0.238273921
-0.39,-0.36,3,0.075660243
0.48,0.48,1,-0.029850774
-0.21,-0.18,1,0.172951886
-0.7,-0.28,2,0.190217391
0.95,0.9,1,-0.205541237
0.21,0.15,2,-0.219215156
0.05,0.08,5,-0.259337649
-0.27,-0.26,1,-0.0875
-0.28,-0.2,3,-0.086907449
-1.01,-0.41,2,-0.21266134
-0.71,-0.51,4,0.037557152
-0.32,-0.23,4,-0.006944444
-0.18,-0.16,3,-0.17936694
-0.56,-0.6,5,0.120418848
0.07,0.05,3,0.013389711
1.48,1.36,6,-0.027647366
-0.8,-0.29,2,0.213327745
-0.31,-0.25,6,0.866666667
0.17,0.07,1,-0.004454493
3.09,2.73,2,-0.338461538
-0.22,-0.41,2,-0.031746032
-0.39,-0.57,3,-0.028387097
0.34,0.2,1,-0.110161604
-0.84,-0.96,1,-0.068292683
-0.5,-0.56,1,0.484662577
-0.6,-0.67,5,0.062410672
0.51,0.88,2,-0.071606089
-0.48,-0.76,3,-0.039408867
-0.47,-0.42,2,0.029535865
-0.13,-0.13,2,0.041666667
0.02,0.06,1,0.004597701
-0.79,-0.85,2,0.103312303
-0.07,-0.25,1,0.5640599
0.21,0.2,2,-0.107843018
-0.15,-0.2,2,0.16824867
-0.47,-0.68,2,-0.071713147
-0.22,-0.23,2,0.057934509
-0.15,-0.07,1,0.110091743
-0.28,-0.19,3,-0.210332103
0.02,0.03,3,0.03515625
-0.03,-0.07,2,0.194907346
-0.79,-0.51,1,0
-0.35,-0.39,6,-0.025157233
0.11,0.05,1,-0.015748031
0.06,-0.01,6,-0.150121065
-0.18,-0.2,4,0.439814815
-0.58,-0.51,5,-0.014693878
-0.55,-0.72,3,0.141034251
-0.67,-0.56,2,-0.287634409
-0.23,-0.54,1,0.455081001
-0.41,-0.28,1,0.054864667
-0.18,-0.23,1,-0.048672566
-0.03,0.01,1,-0.083123426
0.14,0.14,3,-0.309226933
-0.29,-0.31,3,0.170377541
0.01,0.03,1,0.06993007
-0.37,-0.44,6,0.264150943
0.14,0.03,2,-0.289241623
-0.14,-0.07,1,-0.093655589
-0.34,-0.33,4,0.112366231
0.12,0.11,2,-0.373182904
0.37,0.33,2,-0.076376559
-0.28,-0.31,2,0.065217391
0,0.01,2,-0.242424242
0.03,0.02,1,0.136125654
-0.07,-0.08,1,-0.088159295
0.08,0.09,3,-0.059672131
-0.06,-0.06,3,0.2
-0.97,-0.64,2,-0.102189781
0.15,0.19,1,0.171232877
-0.19,0.03,1,-0.057119042
-0.11,-0.16,2,0.034482759
-0.41,-0.34,3,0.371007371
-1.59,-1.85,2,0.451145833
-0.11,-0.13,4,0.214723926
0,-0.01,1,-0.098924604
-0.27,-0.29,3,0.171497585
-0.66,-0.76,5,0.150632911
-0.44,-0.26,1,-0.063157895
-0.34,-0.11,1,-0.424561404
-4.81,-4.48,1,-0.005376344
-0.23,-0.24,2,-0.081499904
-0.23,-0.25,1,0.869565217
-0.39,-0.37,5,0.014245014
-0.11,-0.12,2,0.484848485
-0.55,-0.52,1,0.195979899
0,-0.2,1,-0.070967742
-0.09,-0.08,1,-0.157894737
-0.29,-0.33,4,0.136144578
-0.6,-0.49,1,-0.047493404
-0.77,-0.92,4,0.180952381
0.17,0.08,1,0.269326683
0,0,2,-0.107142857
-0.19,-0.21,1,-0.287234043
-0.06,-0.06,1,0.210526316
-2.94,-4.9,1,-0.074074074
0.18,0.12,2,0.04624278
-0.08,-0.01,1,0.033519553
0.8,-0.22,2,0.158326497
431.4,0.35,1,-0.008566122
2.57,2.42,8,-0.083320657
-0.11,-0.08,1,0.00310559
0.84,0.88,1,-0.148098434
0.33,0.33,2,0.010582007
0.8,0.8,6,0.006389776
0.63,0.88,1,0.013768485
0.02,0.01,1,-0.009699302
0.01,0.06,2,-0.109393579
0.17,-0.04,3,-0.059973924
-0.48,-0.56,2,-0.004363636
0.14,0.27,1,-0.075221216
-0.62,-0.41,1,0.017467335
-0.24,-0.19,2,-0.082901554
-0.68,-0.83,10,-0.045324768
1,0.93,3,-0.001509663
1.47,1.49,8,0.014885175
1.99,2.02,17,-0.019578981
3.22,3.08,6,0.011841393
0.27,0.36,1,-0.037781343
0.83,0.83,11,0.000511314
0.98,0.97,3,0.007742262
0.18,0.19,3,-0.084874928
1.53,1.54,3,0.004164811
1.54,1.59,4,-0.001143672
0.11,0.41,10,-0.062276309
1.5,1.26,5,0.027156806
1.32,1.26,3,0.026807807
0.76,0.73,4,-0.003650515
4.51,4,1,0.038880814
-0.06,-0.06,10,0.049641887
0.08,0.27,5,-0.1247113
-0.07,-0.01,13,-0.045602606
1.16,1.04,4,0.034468551
1.8,1.27,2,0.069046685
0.23,0.18,14,-0.031843575
1.6,1.48,3,0.008695652
-0.13,-0.2,8,0.082675815
1.19,1.06,7,0.086873326
0.27,0.47,3,-0.114148714
0.79,0.66,10,0.119859334
0.58,0.28,9,0.095695482
-1.38,-1.27,7,-0.052766132
1.97,2.04,5,0.049913642
0.59,0.56,4,-0.129981598
0.69,0.08,1,-0.016639239
0.04,0.03,2,0.20204978
0.4,0.39,7,0.014046793
0.81,0.78,1,-0.033941998
0.44,0.48,1,0.034946299
0.79,0.65,4,0.007465175
0.7,0.72,4,0.060458652
0.63,0.89,3,0.029503107
0.08,0.1,7,0.059063532
2.33,2.22,4,-0.020219245
0.04,-0.06,5,0.099880739
0.69,0.72,1,-0.059380041
0.21,-0.31,2,0.385370205
0.64,0.62,3,-0.010317457
2.01,1.39,2,-0.001776944
0.45,0.45,5,-0.032374078
0.06,0.1,4,0.025022374
0.61,0.58,5,-0.06984194
1.05,1.1,6,-0.033847394
-0.08,0.18,3,-0.045263158
0.17,0.17,4,0.005882339
1.04,0.67,4,-0.060647572
0.19,0.18,14,-0.112612613
-0.35,-0.3,1,-0.071376548
-0.4,-0.4,7,0.018798716
0.09,0.01,1,-0.169100692
0.26,0.2,9,-0.076013766
1.08,0.96,6,0.097905427
-0.29,-0.39,6,0.046094431
-0.22,-0.28,5,-0.13
0.29,0.28,7,-0.025801916
0.86,0.82,2,0.090126338
0.14,0.12,10,-0.065198238
0.32,0.28,2,-0.053991464
0.09,-0.01,4,-0.059247738
-0.63,-0.59,3,0.165167243
-0.44,-0.4,1,0.091974758
0.67,0.73,2,-0.081426064
0.89,0.76,1,0.004691893
-0.03,0.26,3,0.182513139
0.2,0.18,3,-0.014391644
1.46,1.72,1,0.181382703
-0.25,-0.39,3,0.231931211
0.01,0.02,10,-0.112676056
-0.64,-0.57,3,-0.062
0.4,0.41,3,0.111962834
0.34,0.11,1,0.02739726
0.04,-0.05,2,0.016034994
0.44,0.5,2,0.007518801
2.46,2.14,1,-0.168684391
0.54,0.49,5,0.002851656
0.16,0.13,1,0.005785124
-0.02,-0.03,5,0.137693632
-0.03,-0.08,2,-0.115727003
0.7,0.69,2,-0.096528404
0.46,0.39,2,-0.020110536
-0.96,-0.96,4,0.052840159
0.78,0.68,5,-0.084286977
-0.02,-0.08,3,0.249371859
0.17,0.22,1,0.068014374
-0.3,-0.32,2,-0.109963862
1.01,0.91,1,0.019903922
0.17,0.14,2,0.060984183
-0.42,-0.29,3,-0.031680441
0.53,0.48,1,0.09067044
0.6,0.53,8,0.001124859
-0.33,-0.38,2,0.362229102
0.13,0.1,3,0.008838891
0.19,0.22,2,0.021495736
0.37,0.41,2,-0.098480243
0.44,0.44,4,-0.010140003
0.31,0.35,2,0.043445073
0.12,0.03,1,-0.087653157
-0.55,-1.23,1,-0.131858407
-0.01,-0.02,2,-0.046666667
0.38,0.43,3,-0.013666346
0.23,0.2,3,0.051131206
-1.28,-1.19,6,0.042677643
0.01,-0.08,5,0.024355301
-0.67,-0.84,6,0.08962597
-0.95,-0.8,5,-0.099047619
0.21,0.2,3,0.112814832
0.12,0.12,5,0.143028606
-0.05,0.01,6,-0.32875
0.02,0.08,2,0.003836317
-0.29,-0.13,2,0.122507123
-0.17,-0.21,2,-0.231692308
-0.98,-1.33,2,-0.130853111
1.01,1.14,3,-0.034369912
0,0.04,1,-0.067708333
0.12,0.22,2,-0.066286529
-0.01,-0.02,3,-0.005263158
0.35,0.33,1,0.005090474
-0.41,-0.4,1,0.039190898
-0.77,-0.56,1,-0.070841889
0.12,0.13,4,-0.027330447
-0.23,-0.27,3,-0.00443459
0.04,0,3,-0.116831683
-0.03,0.01,3,0.0110011
-0.05,-0.06,1,-0.208661417
-0.08,-0.19,2,-0.124260355
-0.09,-0.08,1,-0.139240506
-0.1,0,1,-0.492957746
0.11,0.02,2,-0.063106796
-0.07,-0.04,2,-0.046808511
-0.14,0,1,-0.02
-0.12,0.08,1,-0.146031809
-0.36,-0.37,3,0.047034765
-0.52,-0.66,3,-0.319327731
-0.14,-0.32,2,0.032702238
2.97,2.66,8,-0.061057029
2.22,2.14,6,-0.010815868
1.43,1.11,11,0.009064003
2.98,2.91,9,-0.008058567
1.83,1.82,4,-0.019273299
0.28,0.26,2,-0.064753671
2.21,2.2,8,0.004636696
1.64,1.64,4,-0.025580659
1.62,1.45,8,-0.030596734
0.49,0.48,9,0.003378398
0.73,0.64,4,-0.012348855
1.7,1.47,6,0.010511313
0.76,0.73,2,-0.020874345
0.29,0.19,1,0.042189282
0.32,0.3,5,-0.015157249
0.41,0.4,6,0.023233301
0.99,0.96,4,-0.032093193
0.44,0.43,3,0.0393901
0.72,0.58,8,0.039348421
0.98,1.01,5,-0.015708722
-0.34,-0.35,5,0.149854862
1.58,1.5,2,-0.029515562
1.1,0.97,11,0.016322814
0.61,0.42,4,-0.068437347
1.22,1.13,1,-0.033194267
0.57,0.57,5,-0.019520852
0.51,0.5,7,-0.023742264
3.61,3.59,5,-0.083247923
1.12,1.03,2,-0.043504386
1.54,1.59,5,-0.029894306
1.18,1.16,8,0.056541337
0.34,0.33,4,0.005505543
0.76,0.6,2,0.057753018
0.62,0.67,9,0.010502872
0.94,0.75,2,-0.017955048
1.43,1.47,3,-0.011350057
0.14,0.05,1,0.076036907
0.7,0.7,8,-0.023556231
0.07,0.09,1,0.003285111
1.3,1.27,7,-0.118801908
-0.44,-0.32,3,0.140108758
0.2,0.1,12,-0.011665555
1.56,1.42,3,-0.074011486
0.75,0.61,3,-0.032085567
0.21,0.13,3,0.069252078
0.39,0.32,4,0.005737797
0.03,0,5,0.04765343
0.47,0.47,7,-0.033363391
0.45,0.26,2,0.088427294
1.29,1,6,-0.032127663
-0.06,-0.29,3,-0.038567493
0.7,0.67,3,-0.032700904
1.87,1.86,4,0.016844647
1.21,1.27,5,-0.027269756
0.17,0.14,2,-0.020161271
-0.4,-0.43,5,-0.036175711
0.47,0.23,4,-0.010107876
0.2,0.15,3,0
0.88,0.55,2,0.012249656
1.39,1.51,2,-0.01076159
1.07,0.99,2,-0.012939957
0.55,0.42,1,0.030927835
0.37,0.36,9,-0.029502134
-0.04,-0.17,10,-0.105672106
0.18,0.18,2,-0.079697505
0.38,0.3,7,-0.057994274
0.64,0.63,3,0.005052217
0.52,0.59,2,0.049367634
0.41,0.31,5,0.002083333
0.28,0.28,4,-0.024809164
0.01,-0.04,4,0.108695652
0.48,0.49,2,-0.006335186
0.57,0.49,2,0.04805915
0.18,0.16,1,-0.000687285
0.4,0.4,5,0.001512086
0.23,0.14,1,0.004310345
0.59,0.45,3,0.027490468
0.11,0.06,5,-0.018191405
0.38,0.34,3,0.006501179
0.27,0.27,2,-0.009280743
-1.23,-1.5,1,-0.103174603
0.34,0.35,1,0.046869004
-0.33,-0.35,3,-0.088480801
0.4,0.43,1,0.006880743
-0.02,-0.11,1,-0.023271746
-0.5,-0.49,2,-0.020057307
0.88,0.62,15,-0.006369849
0.2,0.19,2,-0.178082177
0.05,0.05,7,-0.068767908
0.53,0.5,2,0.004727289
0.84,0.62,1,0.07568236
0.22,0.23,1,0.002748493
-0.09,-0.09,5,-0.121212121
0.03,0.03,4,-0.031578947
-0.15,-0.12,4,-0.011494253
0.26,0.2,2,-0.065059214
0.34,0.47,1,-0.053353679
0.18,0.25,1,-0.021563349
-0.01,-0.12,2,0.042553191
0.07,0.05,2,0.010729614
-0.01,-0.01,5,-0.102661597
-0.79,-0.85,2,-0.07334345
-0.06,-0.06,3,-0.139622642
-0.19,-0.25,3,0.019337017
-2.77,-1.19,1,-0.383295565
1.48,1.47,14,0.030576734
1.12,1.05,4,-0.030650618
0.46,0.41,6,0.025192654
-1.43,-1.82,5,-0.044276213
0.51,0.47,8,0.136401338
0.73,0.58,1,0.298730396
0.12,0.16,3,-0.031012288
-0.01,-0.01,2,-0.158163265
0,-0.01,1,-0.112469438
0.23,0.22,4,0.027956989
0.43,0.38,2,0.009283825
0.19,0.15,1,-0.00456621
-0.04,-0.03,1,-0.018691589
0.1,0.27,2,-0.072354212
-0.04,-0.05,5,0.171009772
0.11,0.14,2,0.060583672
0.23,0.12,2,0.128053586
-0.11,0.01,2,-0.092888244
0.31,0.14,2,-0.027222222
0.13,0.06,1,0.034736139
-0.05,-0.07,1,0.010791367
0.24,0.3,1,-0.014285714
0.31,0.32,1,0.002298498
3.04,2.92,10,0.00190355
2.06,2.01,10,-0.01338866
6.95,5.67,6,-0.068228346
0.8,0.74,9,-0.008985682
2.44,1.65,1,-0.049848207
4.79,4.36,8,-0.065662264
2.45,2.4,8,-0.025472147
0.78,0.66,9,-0.019013278
1.22,1.18,9,-0.011114736
1.61,1.42,8,-0.003762589
1.14,1.05,4,-0.007090307
0.5,0.49,8,-0.031170303
1.54,1.56,10,0.01683104
0.63,0.56,2,0.02961624
0.93,0.81,8,0.026685116
0.26,0.39,3,0.008353236
0.28,0.29,5,-0.005830898
0.76,0.7,4,0.025098766
0.38,0.38,5,0.021462189
0,0.39,4,-0.000779216
0.94,0.73,1,0.021528918
-0.32,-0.19,2,0.002675623
0.66,0.56,3,0.008779378
1.47,1.88,1,-0.026850953
1.38,1.34,9,-0.024165245
-0.66,-0.16,11,0.007100606
0.5,0.47,9,-0.010995373
0.26,0.24,2,0.0045627
0.06,0.05,2,0.044155846
1.4,1.2,8,0.010172843
0.42,0.36,9,0.036242666
-4.43,-3.97,10,-0.093006993
-1.1,-0.74,1,-0.200317965
-0.1,-0.1,2,0.095081967
7,6.47,8,0.055311814
1.78,1.14,14,0.024753857
0.96,0.9,17,0.013544737
2.03,2,10,-0.008687984
0.83,0.42,3,0.003617065
0.26,0.53,3,-0.035528086
0.69,0.67,10,-0.185002001
1.38,1.33,4,0.001036544
1.44,1.33,6,-0.014648116
0.69,0.67,10,-0.014499077
-0.79,-0.62,10,0.013963737
0.91,0.91,9,0.024638785
1.14,1.11,8,0.013537373
0.52,0.6,9,-0.027646143
1.66,1.55,13,-0.000129658
0.7,0.69,10,0.006180303
0.14,0.17,6,0.022608769
1.92,1.91,8,-0.00247624
0.13,0.24,2,0.066782331
1.77,1.43,4,-0.12162685
0.27,0.27,20,-0.017298188
0.5,0.49,7,0.00166231
0.03,0.02,3,-0.11622276
0.77,0.71,5,0.00430033
1.42,1.36,12,-0.026995979
1.05,0.94,3,0.012618487
0.62,0.48,9,0.109638837
0.27,0.31,15,-0.053740745
0.4,0.4,1,0.029126226
0.55,0.55,10,0.010729608
0.95,0.9,8,-0.014650037
0.98,0.94,9,0.006317286
0.95,0.85,8,-0.000558971
0.1,0.13,9,0.032628022
0.85,0.78,6,0.01155652
1.07,0.95,8,0.063721743
1.71,1.68,8,0.010929712
0.74,0.74,7,0.023664333
0.73,0.68,11,0.002679064
3.22,3.13,5,-0.018992729
0.21,0.21,3,0.063762452
0.97,0.96,9,0.011384449
0.59,0.56,4,0.013826617
0.64,0.64,6,-0.0229099
0.4,0.37,12,0.01691333
-0.11,0.24,8,0
0.85,1,7,-0.024295691
2.02,1.96,15,-0.012505716
0.66,0.94,6,0.002189559
-0.04,-0.05,2,0.032167829
0.31,0.77,6,0.010037654
0.4,0.44,6,-0.037477994
0.56,0.53,7,-0.048166108
0.13,0.07,6,-0.023340627
2.74,2.7,10,-0.022233628
0.14,0.14,2,0.040752351
1.15,1.06,4,0.011366065
0.45,0.35,5,-0.025517489
0.68,0.67,4,-0.007705748
0.92,0.84,10,0.034053688
1.15,1.15,11,-0.040406298
0.79,0.72,10,-0.182681564
0.77,0.66,6,-0.01492123
0.55,0.48,8,0.031826291
1.68,1.71,8,0.001379738
0.88,0.85,2,0.015591422
1.89,1.73,8,0.008596304
0.29,0.22,6,0.078762062
1.13,1.01,6,0.000368599
0.53,0.43,3,0.080919996
0.24,0.23,7,0.141698682
0.68,0.73,6,-0.025394944
0.79,0.38,5,-0.010631837
1.11,1.1,11,0.031494828
0.36,0.34,9,-0.053853943
0.99,0.89,6,-0.008012167
1.21,0.95,3,0.068867513
1.16,0.71,3,0.007185723
0.19,0.14,7,0.017932489
0.84,0.82,10,0.024713678
3.66,3.35,8,0.012163946
0.56,0.55,7,0.017820399
0.24,0.09,3,0.037188546
0.06,0.02,6,-0.163084725
1.17,1.04,1,0.015954183
-1.8,-2.05,8,0.004393274
0.65,0.64,7,-0.000635861
1.07,0.97,3,-0.014214336
-0.6,-0.65,10,-0.19151671
0.92,0.68,8,0.038609015
4.52,3.26,6,0.044877721
1.25,1.19,8,0.007833828
-0.11,-0.01,2,0.023012505
1.96,1.95,7,-0.025662173
-0.48,-0.39,3,-0.067985167
0.36,0.35,6,-0.017645051
-0.35,-0.46,10,-0.062036423
1.11,1.08,5,0.049727106
0.91,0.9,6,-0.026605265
0.29,0.21,4,0.030369961
0.34,0.35,1,-0.005159964
0.11,0.12,2,-0.023112493
0.37,0.28,6,-0.02057067
1.19,1.17,11,0.004433694
0.89,0.86,7,-0.033442391
1.13,0.92,7,-0.028135781
0.27,0.27,1,-0.003605798
2.8,2.29,2,0.024805562
0.41,0.39,12,0.063692098
0.55,0.85,2,0.051694305
0.95,0.71,5,0.012387783
1.73,1.67,2,0.021540075
1.64,2.21,3,-0.102388156
-0.12,-0.18,9,-0.076172858
1.02,0.97,9,0.019913886
0.72,0.13,9,-0.005468216
0.18,-0.04,2,-0.03097337
0.54,0.5,2,0.027205909
1.55,1.53,11,0.016250938
1.12,0.98,2,-0.022214358
0.66,0.63,3,0.00627736
0.79,0.76,9,0.011208871
1.18,1.18,10,-0.179080525
0.79,0.61,1,-0.008373195
0.43,0.34,2,0.005627829
-0.3,-0.33,18,0.040803721
0.22,0.26,3,-0.035595106
0.43,0.43,6,0.06726184
0.66,0.6,3,0.007469655
0.07,0.07,1,0.019294426
0.55,0.5,6,0.020627791
0.44,0.5,2,-0.002323202
0.9,0.79,6,0.001746201
0.4,0.44,2,-0.086646497
1.24,1.22,1,-0.034976919
0.52,0.51,9,-0.043077913
0.61,0.6,2,-0.00214371
0.47,0.45,4,0.01252824
0.95,0.8,3,-0.026380874
0.13,0.05,5,0.055367232
1.73,1.69,7,0.027024929
0.57,0.61,13,-0.000626962
-0.1,-0.03,5,-0.040302267
0.01,0.02,6,-0.005253959
0.24,0.26,3,-0.055765438
0.38,0.4,4,-0.003875937
0.01,0.08,2,0.058227897
-0.18,-0.33,1,-0.027425722
2.16,2.1,5,-0.014922976
0.47,0.43,3,-0.080338944
0.43,0.42,6,0.01448506
0.38,0.28,2,0.142595955
0.36,0.32,2,-0.010992655
0.52,0.5,7,-0.026702287
-0.29,-0.28,4,0.223115578
1.22,0.67,7,0.014267371
0.56,0.74,3,0.04187303
0.49,0.34,2,-0.038645564
0.17,0.19,3,-0.027376387
0.44,0.45,3,0.047391195
-0.47,-0.42,13,0.019202834
0.5,0.66,6,-0.041183649
0.51,0.5,3,0.011468474
0.2,0.22,1,-0.012675411
0.22,0.2,2,0.018565708
0.1,0.08,3,0.011326861
0.58,0.54,1,0.078402777
0.46,0.39,3,0.116652085
0.98,1.01,9,-0.046582499
0.71,0.68,4,-0.048032021
-0.09,-0.14,7,0.014874915
0.57,0.46,5,-0.058150805
0.77,0.68,3,-0.017519742
0.5,0.49,5,-0.080601306
0.59,0.57,2,-0.005091449
0.61,0.54,3,0.059801865
0.17,0.14,1,-0.052158244
0.31,0.3,3,0.043165489
-0.58,-0.63,15,0.016095536
0.35,0.38,6,0.012702084
1.89,2.08,2,0.03552957
0.89,0.89,1,-0.124048515
0.19,0.19,1,0.004429723
0.01,0.01,4,0.019559124
0.21,0.29,2,-0.095314171
0.15,0.15,1,-0.002380276
0.73,0.56,1,0.082901554
1.39,1.35,11,0.003775528
0.4,0.37,4,0.055828508
0.24,0.2,1,0.03080308
0.34,0.34,7,-0.008183315
-0.47,-0.24,1,-0.185929648
0.35,0.33,2,-0.044331222
0.41,0.45,4,0.0703125
1.2,1.19,2,-0.003106966
0.2,0.2,8,0.031943708
0.41,0.51,3,-0.076508607
0.34,0.34,2,0.034077225
0.38,0.36,2,0.02096112
-0.05,-0.09,3,0.011331445
0.15,0.12,3,0.071794872
-0.08,-0.1,2,0.021739186
0.64,0.61,1,0.018999063
0.59,0.57,8,-0.023928662
0.2,0.19,3,0.057766377
0.97,0.9,1,0.003134802
0.09,0.08,3,0.048658765
1.04,1.13,5,0
0.85,0.86,2,-0.05431259
0.37,0.41,6,-0.10666667
-0.07,-0.07,3,0.006535948
0.16,0.11,2,0.005684755
-0.24,-0.34,3,0.104089219
0.15,0.1,3,0.043286219
0.01,0.21,2,-0.074687397
1.04,0.82,3,0.020677767
0.13,0.11,1,0.080846968
0.21,0.21,4,-0.015364833
0.39,0.37,2,0.015083587
0.04,0.02,2,-0.002544529
-0.07,0.05,1,0.022194737
0.04,0.03,8,0.086134444
0.19,0.19,2,0.054846055
-0.01,0,1,0.162027805
0.4,0.33,1,-0.035018071
0.43,0.2,3,0.006019826
-0.02,0,6,-0.162393162
0.37,0.09,2,0.097098646
0.15,0.16,4,0.019436997
0.59,0.55,9,0.013018723
0.5,0.54,1,0.049483182
-0.05,-0.01,3,-0.035386599
0.34,0.29,2,0.011738131
0.5,0.51,1,0.014468933
0.06,0.36,1,0.02269047
0.3,0.26,2,0.074421405
0.32,0.33,3,-0.052428253
-0.15,-0.16,2,0.201834862
-0.05,-0.06,4,0.230927835
1.13,1.07,3,-0.001587905
-0.41,-0.4,7,-0.046153847
2.85,2.33,5,0.085519591
0.12,0.12,6,-0.11322131
0.36,0.32,1,0.008281204
0.01,0.01,1,-0.075601375
-0.23,0.24,2,-0.098650978
0.08,0.21,1,0.011929433
-0.06,-0.15,4,0.075949367
0.2,0.02,2,0.231827112
0.43,0.5,2,-0.066252857
-0.06,-0.11,3,0.446153846
0.52,0.52,2,-0.120625775
-0.11,-0.09,4,-0.01642487
0.32,0.25,2,0.073274448
1.7,1.45,1,0.101393179
0.48,0.42,3,0.050247696
-0.19,-0.27,12,0.032455603
-0.33,-0.24,1,0.096354253
-0.19,-0.15,1,-0.04368932
-0.1,0,1,-0.161290323
-0.34,-0.23,3,-0.105194805
-0.24,-0.23,5,0.152597403
-0.07,-0.11,5,0.033797217
1.88,1.68,7,-0.017081055
25.69,20.83,9,0.002735235
2.5,2.14,1,0.036095514
-0.25,-0.25,1,0.011316872
3.02,2.48,7,-0.073153899
2.59,2.92,4,0.023163962
-0.19,-0.15,2,-0.141563394
0.56,0.28,2,-0.077005348
-0.31,-0.24,2,-0.06442953
-0.02,-0.13,9,-0.055789474
0.21,0.12,6,-0.072024472
0.78,0.69,2,0.020806242
0.07,-0.01,1,-0.057610242
0.86,0.47,4,-0.120586276
-0.37,-0.41,3,-0.196141479
-1.03,-0.7,3,-0.081403044
-0.86,-0.09,1,-0.057017544
0.6,0.57,3,-0.055283757
-0.14,-0.14,2,-0.118187787
0.02,0.04,3,-0.029059829
-0.33,-0.48,1,-0.018100808
0.78,0.54,13,0.065181619
0.5,0.52,6,0.092268047
3.26,3.14,4,0.028783795
0,0.05,2,-0.061904701
0.23,0.27,3,0.108587651
0,-0.02,4,-0.138288678
0.21,0.17,5,0.098355755
-0.45,-0.44,4,-0.023454158
0.39,0.32,1,-0.188119091
0.67,0.66,2,0.092125421
-0.53,-0.57,2,-0.031100478
-0.89,-0.8,2,0.083838384
0.37,0.56,1,-0.133141762
0.3,0.27,1,0.218400367
-2.86,-1.49,2,-0.052702703
-4.63,-1.37,1,-0.092612613
-0.32,-0.31,3,-0.083333333
0.35,0.37,2,-0.078014233
-0.58,-0.54,2,-0.056140351
0,0,1,-0.121621622
0,0,1,-0.015957447
1.7,1.48,5,-0.054101833
-0.16,-0.16,2,-0.048387097
-0.02,-0.02,1,0.092436975
-0.72,-0.72,3,0.134067952
1.34,1.3,8,-0.00607701
0.2,0.14,3,-0.027799228
0.87,0.85,7,0.053825676
0.27,0.3,3,0.048186248
-0.05,-0.05,2,-0.118677043
0.27,0.25,2,-0.007553877
-2.86,-2.23,3,-0.273000752
-0.12,-0.18,2,-0.056497175
-3.11,-2.3,2,-0.288296041
0.03,-0.16,1,0.017316017
-0.4,0,1,0.057368942
0.07,0.09,1,0.260289939
-0.01,0.01,1,0.026653504
-0.04,-0.1,1,-0.044247788
0.09,0.07,1,-0.008254717
0.05,0.04,1,-0.033854167
1.42,1.45,12,0.002046416
0.64,0.44,1,0.056886219
0.44,0.41,5,0.023934179
-0.24,-0.31,4,-0.072535211
1.89,1.9,12,0.037231713
0.28,0.29,6,0.043964092
0.14,0.13,2,-0.031746032
-0.09,-0.07,5,0.037037037
0.48,0.59,5,0.018335167
1.92,1.82,4,-0.006063631
-0.6,-0.19,1,0.040641453
0.16,0.17,10,0.046342188
0.79,0.75,1,0.09172683
1.38,1.13,8,0.051454143
0.47,0.42,1,0.114157818
0.35,0.33,4,-0.075114834
-0.17,-0.23,4,-0.105454545
-0.34,-0.43,4,0.033123028
-0.28,-0.23,1,-0.001190476
-0.15,-0.36,1,0.008897677
-0.45,-0.11,2,0.139534884
0.24,0.25,3,0.08503402
0.06,0.04,2,0.100636943
-3.93,-0.13,2,0.070866142
0.15,0.14,2,-0.008450751
0.13,0.08,6,-0.091823897
0.54,0.32,1,0.035550463
0.11,0.09,2,-0.07239819
0.35,0.24,1,-0.022083542
0.09,0.12,4,-0.03381295
-0.06,-0.14,1,-0.09223301
-0.54,-0.56,5,-0.076343718
0.07,-0.07,2,0.002331012
0.53,0.44,2,-0.06155876
0.02,-0.43,4,0.01570197
0.28,0.18,3,-0.036199131
-0.14,-0.19,3,-0.053285968
0.19,0.19,2,-0.008357165
-0.04,-0.06,3,0.140215716
-0.16,-0.52,2,-0.00840718
-0.33,-0.29,2,-0.007518797
0.12,0.09,2,0.05952381
1.35,1.51,1,-0.070103091
0.08,-0.05,1,0.101563235
-0.06,-0.09,3,-0.120503597
1.23,0.37,1,-0.047238772
-0.09,0.04,1,-0.063157835
-0.02,-0.07,1,-0.066132265
-0.24,-0.26,4,-0.131067961
0.04,-0.01,1,0.043715847
-0.16,-0.16,1,0.132947977
-0.25,-0.33,1,-0.106024096
-0.14,-0.17,4,-0.012187907
0.03,0.01,1,0.344036697
-0.08,-0.08,5,-0.004950495
0.08,0,1,0.005226481
-0.63,-0.56,2,0.086956522
-0.22,-0.22,3,-0.004807692
0.05,-0.06,3,0.042410598
1.29,1.46,3,-0.130682628
0.91,0.19,8,-0.029205304
1.94,1.94,9,-0.022022656
0.33,0.17,1,-0.07744402
0,-0.02,27,-0.06957432
-0.7,-0.25,3,0.009352491
1.09,0.79,8,-0.01968434
-0.01,0.08,1,-0.002895928
3.32,3.11,9,-0.143705078
-0.25,-0.43,5,-0.132195619
0.81,0.71,6,-0.102966613
1.89,1.53,7,0.075713632
-0.34,-0.26,2,-0.019589966
0.91,0.81,7,-0.075132883
1.23,0.35,7,-0.201959077
0.82,0.85,5,-0.057020233
0.31,0.25,1,-0.037126911
0.44,0.79,4,-0.030000987
1.65,0.69,7,-0.124890369
0.17,0.19,1,0.000996016
0.17,0.15,1,-0.079904306
1.08,0.89,2,-0.04501845
0.07,0.08,3,-0.001046593
1.53,1.5,7,-0.059613319
0.72,0.74,2,-0.120737842
0.06,0.07,1,-0.095505618
0.72,0.73,1,0.038973951
0.85,0.76,1,-0.090068056
0.17,0.13,1,-0.096592037
0.42,0.18,3,-0.138454012
-0.03,-0.05,2,-0.253662298
-0.09,-0.11,1,-0.23
0.01,0.08,4,-0.113595707
5.43,4.54,2,-0.164209505
0.8,0.73,1,0.009316785
0.25,0.27,6,-0.020337516
-0.11,-0.15,1,0.007936508
1.59,1.15,1,-0.116755118
0.1,0.05,2,-0.081836327
1.35,1.18,4,-0.038624241
0.05,-0.84,3,-0.053194333
0.2,0.07,1,-0.062846141
0.41,0.64,1,-0.237926973
-0.2,-0.23,4,-0.018306636
0.13,0.06,2,-0.084074373
0.96,0.94,1,-0.015994668
0.33,0.4,2,-0.135483871
-8.12,-0.57,1,-0.144519884
-0.21,-0.25,4,-0.060150376
0.24,0.2,2,-0.042296073
-0.23,-0.13,2,-0.127819549
-0.53,-0.81,2,0.129840547
-0.09,-0.07,1,-0.153621068
0.09,0.09,1,-0.035071037
0.1,0.12,1,0.013699002
-0.1,-0.12,2,0.197591125
-0.21,-0.25,1,0.253333333
-0.68,-0.93,1,0.186440678
-0.16,-0.28,1,-0.050925926
-0.29,-0.3,1,1.066666667
0,0.02,2,-0.166666667
1.32,1.25,7,0.015864819
-0.1,-0.1,2,-0.055865922
1.68,1.41,11,-0.010920227
3.88,3.24,16,0.025924528
0.24,0.63,7,-0.036639814
1.45,1.36,9,0.040701054
0.75,0.73,17,-0.008680567
0.16,0.13,8,0.063366051
-15.25,-1.78,7,0.07448157
2.54,2.57,6,-0.007786762
1.52,1.29,10,0.001139434
2.81,2.55,14,0.056652172
6.03,5.64,9,0.049571302
1.13,0.93,8,0.071144993
2.33,1.58,5,0.031303363
0.5,0.53,11,0.036099784
2.64,2.48,7,0.018565164
1.83,1.68,8,-0.033450099
3.49,3.55,8,0.084424644
1.47,1.29,9,0.055402585
1.13,1.02,8,0.035238461
0.78,0.71,8,0.071722691
3.88,3.88,9,0.019046248
1.6,1.47,7,0.024742864
4.53,4.44,3,0.040598085
0.52,0.48,5,0.013721178
0.93,0.92,6,0.019654776
-0.37,-0.31,7,0.131010595
1.1,0.99,9,0.073119897
5.04,4.28,9,0.09177315
0.41,0.41,4,0.065602821
-0.58,-0.67,6,0.067978537
1.02,0.96,3,-0.018720555
2.24,1.71,2,0.131412506
3.2,3.16,1,0.055333605
2.86,2.14,8,0.050409079
1.06,0.91,6,0.051374988
0.13,0.11,3,0.056420848
1.91,1.84,6,0.033725728
6.64,6.39,5,0.015570402
0.58,0.38,4,0.046266175
1.33,1.42,6,0.015792268
1.93,1.24,2,0.157660333
0.94,0.91,7,0.047502447
0.2,0.14,4,0.01596208
0.96,0.82,3,0.056819427
2.34,2.03,5,-0.09073486
0.86,0.8,5,0.038968259
1.13,0.69,10,0.03398569
2.01,1.76,5,0.064137685
1.48,1.35,8,0.047695908
4.18,3.57,9,-0.030494728
0.27,0.26,10,0.014125195
1.44,1.48,5,0.090784981
1.15,0.33,3,0.083273549
0.75,0.56,1,0.051178314
1.56,1.54,8,-0.027131217
0.76,0.67,1,0.002616275
-0.2,-0.4,3,0.121333334
3.97,3.36,9,0.032666822
0.39,0.28,3,0.070682237
0.84,0.78,5,0.044975404
0.48,0.38,4,0.071846268
0.32,0.25,2,0.090494892
0.69,0.52,3,0.106817617
0.89,0.77,4,0.052065656
0.15,0.26,3,0.156024258
0.23,0.15,3,0.115140957
0.37,0.34,5,0.049073602
-0.02,-0.03,1,0.002644104
0.2,0.15,1,0.018471338
1.65,1.32,5,0.186098655
0.22,0.39,5,0.058843841
0.86,1.01,1,0.114088281
1.22,2.83,2,-0.052075747
0.75,0.35,4,0.069133763
1.21,1.02,4,0.101292613
0.84,0.55,3,0.09120849
0.78,0.62,2,0.064888874
0.78,0.73,2,0.071170083
0.35,0.3,10,0.125960575
0.83,0.76,4,0.081976586
0.89,0.64,2,0.083333317
0.79,0.67,4,0.04842051
0.34,0.24,3,0.054644819
0.17,0.18,4,-0.005505506
0.18,0.17,6,0.099605233
0.37,0.27,5,0.215643672
0.75,0.72,3,0.08807769
-0.03,-0.09,5,0.113043478
1.07,0.97,2,0.039586139
0.52,0.4,3,0.06719608
0.36,0.3,2,0.061379042
0.92,0.5,2,0.121176026
1.2,1.08,4,0.056119852
0.29,0.2,2,0.087794981
0.43,0.41,2,0.082555292
0.41,0.28,1,0.045166101
0.27,0.27,4,0.158697892
0.57,0.62,3,0.041264946
0.87,0.73,1,0.0427812
0.05,-0.01,3,0.046641791
0.4,0.06,2,0.15273909
0.21,0.17,1,0.105939834
0.29,0.29,1,0.089896579
0.71,0.58,1,-0.020270294
-0.07,-0.12,1,0.148849797
0.98,0.77,1,0.115249913
0.31,0.31,3,0.146137823
0.57,0.38,4,0.046601946
0.04,0.29,1,0.079958437
0.41,0.43,1,0.099220382
0.98,1.25,2,-0.008164321
0.16,0.23,2,-0.014330218
-0.52,-0.62,2,0.186141304
1.81,1.63,7,-0.020222196
2.33,2.35,6,-0.026936172
0.91,0.83,7,-0.007361898
0.56,0.28,2,-0.003497056
0.42,0.41,1,-0.047099877
2.21,1.84,4,-0.056230939
0.05,0.08,8,-0.145526961
2.2,2.1,1,0.03696646
0.18,-0.07,4,-0.0075
3.05,2.84,14,0.041136139
0.67,0.63,9,0.030279619
0.6,0.58,3,0.137104984
0.16,0.14,8,-0.031659347
1.97,1.85,10,0.025754603
0.6,0.57,12,-0.013635482
-0.12,-0.11,2,0.282667569
-1.01,-1.68,2,0.141563538
0.2,0.21,3,0.027720722
-0.39,-0.08,2,0.006315789
0.8,0.8,1,0.015116652
0.1,0.08,3,0.09751434
0.2,0.17,2,0.071856287
0.07,0.1,1,-0.200096899
-0.31,-0.12,2,0.345375273
-0.08,-0.04,1,0.26342711
-0.04,1.52,1,0.074249636
-0.37,-0.3,2,-0.017460317
-0.6,-0.06,1,0.179439252
-0.24,-0.24,7,0.09613984
-0.62,-0.48,3,0.018924303
0.26,0.33,4,0.040181956
1.19,1.2,7,0.009274293
-0.03,-0.02,1,-0.002541296
0,-0.01,1,0.736677116
-0.35,-0.3,1,-0.018126888
-0.04,0.14,1,0.129032258
0.46,0.49,1,0.043373541
0.66,0.39,4,0.21472
-0.15,-0.07,3,-0.0625
0.34,0.24,1,-0.006532372
0.24,0.21,4,0.193708609
-0.54,-0.58,6,0.070023603
-0.16,-0.15,1,-0.111304348
-0.5,-0.74,1,-0.02866242
-0.14,-0.13,1,0.170212766
-0.16,-0.14,4,0.116677939
-0.26,-0.14,1,-0.084615385
-0.09,-0.06,1,-0.125874126
-0.35,-0.34,2,0.067469116
0.13,0.2,1,0.043650805
-1.14,-0.91,4,0.155822329
-0.12,-0.1,1,-0.117647059
-0.44,0.4,1,0.077326343
-0.1,-0.1,1,-0.024630542
-0.11,-0.07,1,-0.050505051
-1.83,-0.52,2,0.010893246
-0.06,-0.13,1,0.03125
-0.16,-0.12,2,-0.083333333
-0.04,-0.1,2,0.109544469
1.76,-1.49,1,0.139742314
0.13,0.12,3,-0.127633209
-0.01,0.03,3,0.05
-0.11,-0.12,2,0.241847826
-0.64,-0.76,2,0.136701337
-0.53,-0.58,2,0.098290598
-0.04,-0.06,2,0.077319588
-0.21,-0.38,1,0.014450867
-0.07,-0.07,1,-0.081578947
-0.04,-0.05,1,0.037634409
-0.33,-0.39,1,0
-0.23,-0.18,3,-0.020833333
-0.07,-0.07,2,-0.057416268
-2.22,-1.29,1,0.205357143
0.63,0.55,2,-0.064308697
-0.18,-0.18,1,0.108454684
0.09,0.31,2,-0.102415459
0.07,0,1,-0.052631579
-2.7,-3.3,1,0.044025157
-0.01,-0.1,1,0.048913043
-0.08,-0.08,1,0.078745989
-0.46,-0.27,1,0.047808765
-0.18,0.04,1,-0.039215686
0.04,0.23,1,0.012903235
-0.36,-0.3,1,-0.118852459
-0.11,-0.13,1,0.089330025
-0.01,-0.01,1,0.082802548
-0.27,-0.26,2,-0.073713852
-0.45,-0.72,3,0.005277045
-0.3,-0.15,1,-0.108108108
-0.04,-0.15,2,0.05390435
-1.68,-1.65,1,0.027547967
0.09,0.1,4,0.05993266
0.29,0.4,2,0.059642147
-0.11,-0.19,4,0.086885246
-0.4,-0.45,2,-0.076706545
-1.24,-0.96,4,-0.004633755
-0.53,-0.18,1,0.205958549
0.09,0.2,1,0.0614241
0.2,0.2,4,0.013574661
-0.37,-0.19,5,0.12684234
0.15,0.14,2,0.031941032
0.11,0.09,4,-0.041372351
-0.12,-0.08,2,0.185
-0.07,-0.23,2,0.043478261
-0.15,-0.04,1,0.105507246
-0.13,-0.12,1,0.096126255
0.02,-0.14,1,-0.011967091
-0.04,0.01,2,0.049316406
-0.35,-0.23,1,0.072681704
-0.14,-0.15,2,0.433830846
-0.01,0.02,1,0.103311258
-0.1,-0.14,1,0.091381101
0,-0.04,5,0.108563722
-0.35,-0.5,3,0.013801757
-0.14,-0.02,1,0.117943548
0.17,0.18,1,-0.117027864
-0.4,-0.37,3,-0.092735703
0,-0.03,1,0.017667845
-0.68,-0.6,3,0.017831325
-0.35,-0.25,1,0.216216216
-0.15,-0.1,1,0.082236842
-0.25,-0.21,2,0.266610597
-0.21,-0.17,1,-0.027363184
-0.74,-0.46,6,0.148122867
-0.38,-0.39,3,-0.100923952
-0.41,-0.37,3,0.06379822
-0.13,-0.13,4,0.174698795
-1.37,-9.57,1,0.172890733
0.78,-0.34,1,-0.016888889
-0.82,-0.5,2,-0.014684288
-0.12,-0.14,2,0.24301676
0.01,0.03,2,0.001974334
0.36,0.21,1,-0.010455105
-0.07,-0.17,3,0.791666667
-0.39,-0.22,3,-0.007246377
-0.92,-0.93,1,0.098582039
-0.46,-0.3,1,-0.152107514
-0.04,-0.09,2,0.020785219
-0.38,-0.38,4,-0.07106599
-0.16,-0.14,1,0.162162162
-0.3,-0.33,5,0.084229391
-0.13,-0.08,3,0.077731092
-0.01,-0.05,1,0.053030303
0.08,0.05,2,0.053938307
-0.37,-0.19,1,0
-0.01,-0.03,1,-0.041474654
-0.28,-0.03,3,0.035714286
-0.11,-0.17,1,-0.105855856
-0.02,-0.04,1,-0.021197007
-0.51,-0.24,1,0.08714044
0.06,0,2,0.116336634
-0.71,-0.81,1,0.026519337
-0.05,-0.03,1,0.063694268
-1.83,-0.25,2,0.311026616
-1.08,-1.26,3,0.087719298
-0.34,-0.27,2,0.211028632
-0.4,-0.41,4,-0.069605568
-0.12,-0.1,1,0.10982659
0.08,-0.08,1,0.03853211
-0.25,-0.04,1,-0.04290429
-0.94,-0.62,3,0.076708508
-0.98,-0.78,3,0.306413302
-0.17,-0.15,2,0.035532995
-0.35,-0.13,1,0.178217822
-0.04,-0.04,1,-0.025862069
-0.48,-0.24,1,0.256147541
-0.19,-0.17,1,-0.075601375
-0.08,-0.08,1,0.07751938
-0.02,-0.03,1,-0.587037037
-0.25,-0.18,2,0.055421687
-0.17,-0.36,1,-0.064456722
-0.26,-0.39,1,0.043859649
-0.08,-0.09,1,-0.027821229
-0.15,-0.16,1,-0.090322581
-0.34,-0.33,1,0.060773481
-0.32,-0.51,1,0.057894737
-0.07,-0.06,1,-0.107142857
-0.06,-0.07,1,-0.023041475
-0.06,-0.11,3,0.066387872
-0.11,-0.41,2,0.077205882
-0.52,-0.5,2,0.04
-1.64,-0.21,1,0.005154639
-0.21,-0.31,2,0.063909774
-0.11,0.04,1,0.008032129
-1.65,-1.22,1,-0.05248227
2.33,1.13,1,0.084109281
1.58,1.56,12,0.006028367
1.09,0.85,5,-0.031039785
0.86,0.89,18,-0.034759897
0.88,0.81,16,-0.024330033
1.36,1.1,1,0.008112253
0.63,0.63,12,-0.059084781
5.3,5.26,4,0.006057141
1.88,1.87,7,-0.005488598
3.25,3.04,8,0.02139442
1.78,1.76,15,0.011559737
0.93,0.92,9,-0.012716104
1.45,1.6,13,-0.003054992
1.45,1.42,5,0.003688527
0.51,0.42,8,-0.007825741
3.2,2.63,3,0.000764855
0.55,0.47,19,-0.059001472
1.4,1.38,11,-0.005779511
0.5,0.44,9,-0.003373327
0.48,0.43,12,-0.015607602
1.38,1.07,12,0.080384346
2.21,2.12,13,0.022063415
0.59,0.36,1,0.010689655
0.43,0.43,7,-0.005906666
0.47,0.46,8,-0.030924131
0.14,0.22,4,0.039419668
0.49,0.26,1,0.002739726
1.17,1.15,3,-0.041474656
1.18,1.15,13,-0.05123615
0.86,0.86,2,-0.040265474
0.91,0.85,6,-0.015799025
0.45,0.42,5,-0.041147124
0.4,0.39,4,-0.068521222
0.43,0.44,3,-0.024809154
0.28,0.23,4,-0.016666618
0.49,0.55,4,-0.03448276
0.32,0.33,7,-0.011885236
0.59,0.58,3,-0.062499986
0.44,0.42,3,-0.027194785
-0.04,-0.11,7,-0.059414991
0.31,0.33,4,-0.079299378
0.11,-0.03,7,0.012254902
1.28,1.3,7,-0.027027024
0.44,0.44,1,-0.020679467
0.57,0.52,1,-0.001496984
0.2,0.19,1,-0.007215034
0.6,0.57,2,-0.04677467
0.46,0.42,5,-0.045522975
-3.23,-3.23,1,0.084195755
-0.2,-0.24,1,0.088578089
-1.03,-1.37,1,-0.106007067
0.44,0.46,3,0.083549223
1.88,1.92,4,0.024354242
0.18,0.19,3,0.059131345
0,-0.02,3,0.11884058
2.62,1.87,6,0.11401878
5,2.37,2,-0.05194953
0.6,0.02,1,0.005883146
-0.03,-0.03,2,-0.074834437
-0.09,-0.08,3,0.061452514
-0.09,-0.04,1,0.034174095
0.8,0.49,1,0.023971493
1.17,1.08,6,-0.00148961
0.16,0.39,9,0.00191159
0.14,0.15,4,0.066836403
2.18,2.11,9,-0.021381924
0.98,0.69,5,0.018417872
0.5,0.45,8,0.026108075
0.4,0.43,6,0.034042553
0.65,0.76,9,0.01370604
0.95,0.96,10,-0.014441923
2.12,2.09,6,0.028438304
1.01,0.94,1,-0.019404985
0.24,0.21,1,-0.029118735
-0.03,-0.07,2,0.040369807
0.03,0.06,7,0.053505706
-0.03,-0.01,2,-0.01255887
0.51,0.5,1,-0.06181925
0.5,0.47,5,-0.083945454
1.26,1.24,5,-0.003488033
5.29,4.31,3,-0.015806484
2.08,2.13,6,-0.003890404
-0.46,0.21,3,0.149130715
2.48,2.25,8,0.016307893
0.1,0.03,9,0.0012702
0.45,0.34,5,0.080139983
1.6,1.51,4,0.022930489
1.34,1.11,4,0.014098696
1.15,1.1,6,-0.001394163
-0.72,-0.29,5,-0.04147881
-0.15,-0.33,9,0.03709744
0.91,0.79,4,0.015229635
1.66,1.37,6,-0.003496504
0.12,0.1,3,0.005513308
0.13,0.1,3,0.095571956
0.92,0.79,5,0.021820278
0.42,0.38,8,-0.085485391
0.38,0.34,2,0.177730194
-3.05,-2.65,4,0.056013895
0.67,0.63,3,-0.055685131
0.53,0.42,5,-0.02094817
-2.41,2,6,0.03568
2.26,2.36,3,-0.009603121
0.14,0.12,7,0.037634409
0.48,0.51,6,-0.022169811
0,0,5,-0.060803474
0.57,0.63,7,0.027847666
-0.29,-0.23,6,0.128246753
-4.21,-2.92,4,0.109266354
0.12,0.07,4,-0.017503218
1.03,1.08,5,-0.010295439
0.25,0.24,7,-0.047254926
0.22,0.44,2,0.009396534
-6.43,-0.46,1,-0.038875755
-0.68,-0.42,4,0.097676176
0.63,0.61,3,0.028261896
-0.16,-0.45,5,0.221805183
0.26,0.19,6,0.024045262
-0.55,-0.57,2,0.014725698
0.34,0.28,3,-0.017338332
-2.64,-0.86,1,0.083833133
0.62,0.12,6,0.028622012
-0.33,-0.53,3,0.022433927
0.33,0.32,2,-0.003434459
-1.04,-0.78,4,0.012715713
-0.12,-0.07,6,0.012740277
0.52,0.52,1,0.019311047
-0.98,-0.94,5,-0.004895961
4.86,2.42,3,-0.00061894
0.01,0.09,2,0.077876106
0.08,0.05,5,0.039868912
0.41,0.36,4,-0.012515139
-0.55,-0.31,2,0.483995585
-0.2,0.02,1,-0.107899807
-0.19,-0.1,6,-0.040229885
0.19,0.19,1,0.041249994
0.99,0.74,4,-0.054499878
-0.65,-0.81,4,0.03125
0.87,0.63,4,0.051445573
-2.55,-0.19,1,0.015811373
-0.25,-0.23,5,-0.064583333
0.43,0.31,4,0.044753447
0.23,0.22,5,0.095739085
-0.11,-0.12,5,-0.065179243
0.1,-0.03,3,0.161464836
1.24,1.3,3,-0.031195594
0.29,0.29,2,0.041860461
0.77,0.54,5,-0.065355603
-0.13,-0.5,6,-0.011201629
-0.69,-0.52,4,-0.101279318
-0.03,-0.05,1,0.099673795
-0.33,-0.25,7,-0.072647876
0.25,0.18,1,0.102637615
0.28,0.4,4,-0.017262858
-0.53,-0.52,4,-0.026224329
-0.74,-0.55,3,0.000609106
-0.62,-0.58,4,-0.089506726
-0.08,-0.1,1,0.131487889
0.13,0.13,1,0.094669118
-0.17,-0.19,6,-0.068413392
-0.42,-0.38,2,0.017094017
0.04,-0.05,2,0.087228715
2.63,2.67,1,0.154635514
-0.27,-0.19,3,-0.061952441
-0.65,-0.77,6,-0.028775268
-0.38,-0.37,1,0.004192872
-0.78,-0.9,7,0.030272953
-0.78,-0.83,7,-0.035069262
-0.27,-0.18,5,0.103235747
0.17,0.2,2,0.050454129
2.73,1.9,1,-0.011048931
0.1,0.08,3,-0.020516717
0.07,-0.04,2,-0.0390625
-1.08,-1.19,2,0.027422303
-2.15,-1.16,6,0.038560411
-0.51,-0.54,5,-0.021006738
-0.07,-0.1,2,-0.145263158
0.21,0.2,2,0.033834576
-0.2,-0.54,2,-0.121342513
0.26,0.23,2,0.074788337
-0.17,-0.21,4,-0.045248869
-0.31,-0.06,2,0.015163002
-0.17,-0.22,3,0.077895894
-0.12,-0.09,5,-0.029932804
-0.13,-0.08,4,-0.026897004
0.15,0.09,2,0.02607362
-0.62,-0.54,5,-0.030432136
-0.91,-0.89,7,0.028667277
-1.78,2,1,0.059868421
0.24,0.19,2,0.019385625
-0.58,-0.57,5,-0.269480519
-0.51,-0.42,5,-0.025309639
0.42,0.38,3,0.003116045
0.11,0.1,1,-0.221105528
0.6,0.48,1,-0.092532468
0.18,0.12,2,0.016209476
0.71,0.53,2,0.02881072
-0.28,-0.28,7,-0.025157233
-1.04,-0.19,4,0.008495146
-0.11,-0.16,4,0.001531394
-0.1,0.08,1,-0.078101835
0.25,0.24,1,0.021943564
-0.46,-0.44,3,0.012451577
0.09,0.07,4,0.200421941
0.15,0.01,1,0.113816834
0.29,0.24,2,0.110008271
-0.03,0.2,1,0.048866499
0.71,0.41,2,0.213549412
-0.47,-0.62,4,0.026113671
-0.06,-0.03,1,0.001257071
-0.2,-0.15,2,0.002739726
-0.07,-0.07,3,0.124087591
-0.05,-0.15,1,-0.128672746
0.37,0.31,1,0.028337875
-1.08,-0.89,4,-0.031212121
-1.55,-1.08,1,0.144422311
-0.12,-0.1,1,-0.030141844
0.75,0.42,1,0.080774563
-0.64,-0.59,2,-0.132643748
-0.07,-0.01,3,0.055023923
-0.74,-0.9,2,0.060892587
-0.01,0.08,2,0.050570962
-0.7,-0.79,1,0.002782415
0.14,0.13,4,0.019779507
-0.23,-0.32,7,-0.070217918
-0.5,-0.51,3,-0.175800326
-0.91,-1.03,1,0.031772575
0.28,0.24,4,0.054876033
-0.09,-0.08,3,-0.007194245
-0.45,-0.33,4,0.06875
0.49,0.42,4,0.053625378
-0.02,-0.03,2,0.047142857
-0.5,-0.39,5,-0.021902806
-0.34,-0.16,1,-0.000792393
0.16,0.06,1,-0.008368195
0.07,0.04,4,0.169884081
0.38,0.36,4,0.016655617
-0.78,-0.63,2,0.10261348
0.21,0.24,5,0.0302267
-0.15,-0.14,1,-0.0502693
-0.15,-0.09,2,0.015097691
-0.08,-0.02,1,0.005928854
-0.03,-0.03,3,-0.025520898
-0.4,-0.36,2,-0.081433225
0.07,0.03,1,-0.031111111
-0.25,-0.18,4,0.13436908
0.13,0.05,3,0.046703297
0.17,0.12,1,0.162629758
0.94,0.51,3,-0.019484241
-0.43,0.03,1,-0.117831893
0.23,0.18,4,0.014450867
-0.07,-0.06,2,0.096153846
0.58,0.58,1,0.028071795
0.21,0.23,2,0.066588785
-0.72,-0.55,4,0.03776435
-0.28,-0.13,3,-0.056756757
-0.08,0.01,1,0.028673835
-0.76,-0.93,1,0.807416268
-1.4,-0.69,2,0.027027027
-0.35,-0.06,2,0.180722892
-0.03,0.09,1,-0.017350158
0.04,0.04,2,0.002688109
0.09,0.06,2,0.085995086
-0.06,-0.02,2,0.004484305
0.21,0.29,3,0.039487697
0.07,0.1,2,-0.025715115
0.26,0,3,0.068181818
0.3,0.19,1,0.004899292
-0.11,-0.09,1,0.039893617
-0.58,-0.71,5,-0.065909091
-0.12,-0.12,1,-0.074285714
-0.6,-0.56,1,-0.155731795
-0.32,-0.28,2,-0.112526539
0.13,0.21,1,0
-0.5,-0.13,1,0.071355759
-0.2,-0.24,1,-0.043250328
-0.03,0.01,1,0.165254237
0.17,-0.15,1,0.000460687
-0.13,-0.09,3,0.143939394
-0.06,-0.05,2,-0.037409434
-0.36,-0.39,1,0.16130031
0.94,0.94,5,0.004717626
0.9,0.86,5,0.048050346
0.08,0.11,1,-0.041059603
-0.03,-0.1,2,-0.054117663
0.02,0.03,5,0.057607541
2.03,1.81,3,0.040322588
-0.26,0.02,1,0.064864865
-0.07,-0.02,3,0.040925347
0.38,0.5,1,0.042935207
-2.84,-1.14,1,-0.07145057
-0.08,-0.01,1,0.002737226